id;name;style;dt_create
1;Washington;Garden Open-source invoice;2020-02-15T17:28:40
2;Frozen;Czech Koruna Rustic;2020-02-15T12:41:34
3;calculating bypassing Michigan;Officer;2020-02-15T01:37:53
4;Ergonomic;optimize;2020-02-15T13:45:13
5;firewall Fantastic Berkshire;West Virginia 24/7;2020-02-15T16:14:41
6;Music Ergonomic matrices;B2C reboot Licensed Fresh Shirt;2020-02-15T02:31:55
7;yellow;Wooden compress black;2020-02-15T11:36:51
8;South Carolina Strategist;Ergonomic;2020-02-14T21:54:11
9;Granite;Metal Electronics Cheese;2020-02-15T10:29:38
10;Tools;bypassing;2020-02-15T06:30:56
